<?xml version="1.0" encoding="UTF-8"?>
<project-private xmlns="http://www.netbeans.org/ns/project-private/1">
    <editor-bookmarks xmlns="http://www.netbeans.org/ns/editor-bookmarks/2" lastBookmarkId="1">
        <file>
            <url>src/main/webapp/admin-navbar.jsp</url>
            <bookmark id="1">
                <name/>
                <line>1</line>
                <key/>
            </bookmark>
        </file>
    </editor-bookmarks>
    <open-files xmlns="http://www.netbeans.org/ns/projectui-open-files/2">
        <group>
            <file>file:/C:/Users/akagr/eclipse-workspace/Ecommerce-Website/Ecommerce-Website/src/main/webapp/admin-db.jsp</file>
        </group>
    </open-files>
</project-private>
